{
	"/": [],
	"/admin": [],
	"/admin/administrateur": [],
	"/admin/civilite": [],
	"/admin/destinataire": [],
	"/admin/etablissements": [],
	"/admin/genre": [],
	"/admin/historique_paiement": [],
	"/admin/liste-de-codes": [],
	"/admin/pays": [],
	"/admin/professionnel_accepte": [],
	"/admin/professionnel_ajour": [],
	"/admin/professionnel_attente": [],
	"/admin/professionnel_refuse": [],
	"/admin/professionnel_renouvellement": [],
	"/admin/professionnel_valide": [],
	"/admin/specialite": [],
	"/admin/statistique/genre": [],
	"/admin/statistique/geolocalisation": [],
	"/admin/statistique/specialite": [],
	"/admin/type_personne": [],
	"/login": [],
	"/site/connexion": [],
	"/site/dashboard": [],
	"/site/documents": [],
	"/site/informations": [],
	"/site/inscription": [],
	"/site/organisation": [],
	"/site/paiement": [],
	"/site/professionnel": []
}